Ref,Val,Package,PosX,PosY,Rot,Side
"D1","LED","D_0603_1608Metric",144.540000,-93.420000,90.000000,top
"D2","LED","D_0603_1608Metric",142.000000,-93.420000,90.000000,top
"J1","Conn_01x14_Female","JUSHUO_FPC_14",133.250000,-101.100000,270.000000,top
"R1","100","R_0603_1608Metric",144.540000,-97.230000,270.000000,top
"R2","100","R_0603_1608Metric",142.000000,-97.230000,270.000000,top
